{
  "version": 1,
  "projectStartedAt": 1773306535994,
  "units": [
    {
      "type": "complete-slice",
      "id": "M001/S04",
      "model": "claude-opus-4-6",
      "startedAt": 1773306536026,
      "finishedAt": 1773307348936,
      "tokens": {
        "input": 61,
        "output": 39380,
        "cacheRead": 4693832,
        "cacheWrite": 105686,
        "total": 4838959
      },
      "cost": 3.9922584999999993,
      "toolCalls": 0,
      "assistantMessages": 59,
      "userMessages": 0
    },
    {
      "type": "complete-milestone",
      "id": "M001",
      "model": "claude-opus-4-6",
      "startedAt": 1773307348937,
      "finishedAt": 1773307502493,
      "tokens": {
        "input": 12,
        "output": 6221,
        "cacheRead": 312142,
        "cacheWrite": 16845,
        "total": 335220
      },
      "cost": 0.41693725,
      "toolCalls": 0,
      "assistantMessages": 10,
      "userMessages": 0
    }
  ]
}
